<?xml version="1.0" encoding="utf-8" ?>
		<hibernate-mapping xmlns="urn:nhibernate-mapping-2.2"
		                   assembly="AndayComeGenNHibernate"
		                   namespace="AndayComeGenNHibernate.EN.AndayCome">
		    
		    
			
				<class name="BookingEN" table="Booking"> 
				  	
						<id name="Id" column="idBooking" type="integer"> 
							<generator class="hilo"/>
						</id>
			
					
					<property name="Date" type="date"> 
						<column name="date"  not-null="true"/>
					</property>
					<property name="Hour" type="timestamp"> 
						<column name="hour"  not-null="true"/>
					</property>
					<property name="Guests" type="integer"> 
						<column name="guests"  not-null="true"/>
					</property>
			
			
		  			
						<many-to-one name="Restaurant" class="AndayComeGenNHibernate.EN.AndayCome.RestaurantEN" >	
								<column name="FK_idRestaurant_idRestaurant"/> 
						</many-to-one>
											 					
			
		  			
						<bag name="Routes" table="[route_booking]" inverse="true" >
							<key>
								
									<column name="FK_idBooking_idBooking"/> 
							</key>
      						<many-to-many class="AndayComeGenNHibernate.EN.AndayCome.RouteEN">
									<column name="FK_idRoute_idRoute"/> 
      						</many-to-many>
    					</bag>
			
		  			
						<many-to-one name="Client" class="AndayComeGenNHibernate.EN.AndayCome.ClientEN" >	
								<column name="FK_email_idClient"/> 
						</many-to-one>
											 					
			
			
			
			
					
					
					
					
					
					
					
		
		 </class>	
		  
		  <query name="BookingENReadAllHQL">from BookingEN</query>
		</hibernate-mapping>
	