<?xml version="1.0" encoding="utf-8" ?>
		<hibernate-mapping xmlns="urn:nhibernate-mapping-2.2"
		                   assembly="AndayComeGenNHibernate"
		                   namespace="AndayComeGenNHibernate.EN.AndayCome">
		    
		    
			
				<class name="CountryEN" table="Country"> 
				  	
						<id name="Id" column="idCountry" type="integer"> 
							<generator class="hilo"/>
						</id>
			
					
					<property name="City" > 
						<column name="city"  not-null="true"/>
					</property>
			
			
			
		  			
						<bag name="Users" >
							<key>
							
								
								<column name="FK_idCountry_idCountry"/>
					      	</key>
							<one-to-many class="AndayComeGenNHibernate.EN.AndayCome.UserEN"/>
					    </bag>
					
			
		  			
						<bag name="Route" >
							<key>
							
								
								<column name="FK_idCountry_idCountry"/>
					      	</key>
							<one-to-many class="AndayComeGenNHibernate.EN.AndayCome.RouteEN"/>
					    </bag>
					
			
			
		  			
						<bag name="Restaurant" table="[restaurant_country]" inverse="true" >
							<key>
								
									<column name="FK_idCountry_idCountry"/> 
							</key>
      						<many-to-many class="AndayComeGenNHibernate.EN.AndayCome.RestaurantEN">
									<column name="FK_idRestaurant_idRestaurant"/> 
      						</many-to-many>
    					</bag>
					
					
					
					
					
		
		 </class>	
		  
		  <query name="CountryENReadAllHQL">from CountryEN</query>
		</hibernate-mapping>
	