<?xml version="1.0" encoding="utf-8" ?>
		<hibernate-mapping xmlns="urn:nhibernate-mapping-2.2"
		                   assembly="AndayComeGenNHibernate"
		                   namespace="AndayComeGenNHibernate.EN.AndayCome">
		    
		    
			
				<class name="RestaurantEN" table="Restaurant"> 
				  	
						<id name="Id" column="idRestaurant" type="integer"> 
							<generator class="hilo"/>
						</id>
			
					
					<property name="Menu" type="string"> 
						<column name="menu"  not-null="true"/>
					</property>
					<property name="Photo" type="string"> 
						<column name="photo"  not-null="true"/>
					</property>
					<property name="Name" type="string"> 
						<column name="name"  not-null="true"/>
					</property>
					<property name="Street" type="string"> 
						<column name="street"  not-null="true"/>
					</property>
					<property name="Capacity" type="integer"> 
						<column name="capacity"  not-null="true"/>
					</property>
			
			
			
		  			
						<many-to-one name="Restaurant_Owner" class="AndayComeGenNHibernate.EN.AndayCome.Restaurant_OwnerEN" >	
								<column name="FK_email_idRestaurant_Owner"/> 
						</many-to-one>
											 					
			
		  			
						<bag name="Tickets" >
							<key>
							
								
								<column name="FK_idRestaurant_idRestaurant"/>
					      	</key>
							<one-to-many class="AndayComeGenNHibernate.EN.AndayCome.TicketEN"/>
					    </bag>
					
			
		  			
						<bag name="Rates" table="[rates_restaurant]" inverse="true" >
							<key>
								
									<column name="FK_idRestaurant_idRestaurant"/> 
							</key>
      						<many-to-many class="AndayComeGenNHibernate.EN.AndayCome.RatesEN">
									<column name="FK_idRates_idRates"/> 
      						</many-to-many>
    					</bag>
			
		  			
						<bag name="Booking" >
							<key>
							
								
								<column name="FK_idRestaurant_idRestaurant"/>
					      	</key>
							<one-to-many class="AndayComeGenNHibernate.EN.AndayCome.BookingEN"/>
					    </bag>
					
			
		  			
						<bag name="Routes" table="[restaurant_route]"  >
							<key>
								
									<column name="FK_idRestaurant_idRestaurant"/> 
							</key>
      						<many-to-many class="AndayComeGenNHibernate.EN.AndayCome.RouteEN">
									<column name="FK_idRoute_idRoute"/> 
      						</many-to-many>
    					</bag>
			
		  			
						<bag name="Country" table="[restaurant_country]"  >
							<key>
								
									<column name="FK_idRestaurant_idRestaurant"/> 
							</key>
      						<many-to-many class="AndayComeGenNHibernate.EN.AndayCome.CountryEN">
									<column name="FK_idCountry_idCountry"/> 
      						</many-to-many>
    					</bag>
			
		  			
						<bag name="Client" table="[restaurant_0_client]"  >
							<key>
								
									<column name="FK_idRestaurant_idRestaurant_0"/> 
							</key>
      						<many-to-many class="AndayComeGenNHibernate.EN.AndayCome.ClientEN">
									<column name="FK_email_idClient"/> 
      						</many-to-many>
    					</bag>
			
			
			
			
			
		  			
						<bag name="Tags" table="[tags_restaurant]" inverse="true" >
							<key>
								
									<column name="FK_idRestaurant_idRestaurant"/> 
							</key>
      						<many-to-many class="AndayComeGenNHibernate.EN.AndayCome.TagsEN">
									<column name="FK_name_idTags"/> 
      						</many-to-many>
    					</bag>
			
					
					
					
					
					
					
					
					
					
					
					
					
					
					
		
		 </class>	
		  
		  <query name="RestaurantENReadAllHQL">from RestaurantEN</query>
		  <query name="RestaurantENfilterByTagHQL"><![CDATA[SELECT r FROM RestaurantEN as r INNER JOIN r.Tags as t where t.Name = :p_oid_tag]]></query>
		  <query name="RestaurantENfilterbyRateHQL"><![CDATA[SELECT res FROM RestaurantEN as res WHERE :p_rate <= ( SELECT AVG(rat.Rate) as avg from RestaurantEN as res INNER JOIN res.Rates as rat)]]></query>
		</hibernate-mapping>
	