<?xml version="1.0" encoding="utf-8" ?>
		<hibernate-mapping xmlns="urn:nhibernate-mapping-2.2"
		                   assembly="AndayComeGenNHibernate"
		                   namespace="AndayComeGenNHibernate.EN.AndayCome">
		    
		    
			
				<class name="TicketEN" table="Ticket"> 
				  	
						<id name="Id" column="idTicket" type="integer"> 
							<generator class="hilo"/>
						</id>
			
					
					<property name="Date" type="date"> 
						<column name="date"  not-null="true"/>
					</property>
					<property name="Total" type="float"> 
						<column name="total"  not-null="true"/>
					</property>
			
			
			
		  			
						<many-to-one name="Client" class="AndayComeGenNHibernate.EN.AndayCome.ClientEN" >	
								<column name="FK_email_idClient"/> 
						</many-to-one>
											 					
			
		  			
						<many-to-one name="Restaurant" class="AndayComeGenNHibernate.EN.AndayCome.RestaurantEN" >	
								<column name="FK_idRestaurant_idRestaurant"/> 
						</many-to-one>
											 					
			
			
					
					
					
					
					
		
		 </class>	
		  
		  <query name="TicketENReadAllHQL">from TicketEN</query>
		</hibernate-mapping>
	