<?xml version="1.0" encoding="utf-8" ?>
		<hibernate-mapping xmlns="urn:nhibernate-mapping-2.2"
		                   assembly="AndayComeGenNHibernate"
		                   namespace="AndayComeGenNHibernate.EN.AndayCome">
		    
		    
			
				<class name="UserEN" table="User_"> 
						<id name="Email" column="email"/> 
			
					
					<property name="Tel" type="integer"> 
						<column name="tel"  not-null="true"/>
					</property>
					<property name="Photo" type="string"> 
						<column name="photo"  not-null="true"/>
					</property>
					<property name="Pass" type="string"> 
						<column name="pass"  not-null="true"/>
					</property>
					<property name="Language" > 
						<column name="language"  not-null="true"/>
					</property>
					<property name="Name" type="string"> 
						<column name="name"  not-null="true"/>
					</property>
			
			
			
			
			
		  			
						<many-to-one name="Country" class="AndayComeGenNHibernate.EN.AndayCome.CountryEN" >	
								<column name="FK_idCountry_idCountry"/> 
						</many-to-one>
											 					
			
			
			
					
					
					
					
					
					
					
		
		 </class>	
		  
		  <query name="UserENReadAllHQL">from UserEN</query>
		</hibernate-mapping>
	