<?xml version="1.0" encoding="utf-8" ?>
		<hibernate-mapping xmlns="urn:nhibernate-mapping-2.2"
		                   assembly="AndayComeGenNHibernate"
		                   namespace="AndayComeGenNHibernate.EN.AndayCome">
		    
		    
			
				
<joined-subclass name="ClientEN" extends="AndayComeGenNHibernate.EN.AndayCome.UserEN" table="Client"> 
	<key>
    	
				<column name="idUser"/>
		
    	
   	</key>

			
					
					<property name="Premium" type="boolean"> 
						<column name="premium"  not-null="true"/>
					</property>
			
			
			
		  			
						<bag name="Created_routes" >
							<key>
							
								
								<column name="FK_idUser_idClient"/>
					      	</key>
							<one-to-many class="AndayComeGenNHibernate.EN.AndayCome.RouteEN"/>
					    </bag>
					
			
		  			
						<bag name="Routes" table="[route_0_client_0]" inverse="true" >
							<key>
								
									<column name="FK_idUser_idClient_0"/> 
							</key>
      						<many-to-many class="AndayComeGenNHibernate.EN.AndayCome.RouteEN">
									<column name="FK_idRoute_idRoute_0"/> 
      						</many-to-many>
    					</bag>
			
		  			
						<bag name="Tickets" >
							<key>
							
								
								<column name="FK_idUser_idClient"/>
					      	</key>
							<one-to-many class="AndayComeGenNHibernate.EN.AndayCome.TicketEN"/>
					    </bag>
					
			
		  			
					
							   <one-to-one name="Payment" class="AndayComeGenNHibernate.EN.AndayCome.PaymentEN" property-ref="Client" />							
					 
						
			
		  			
						<bag name="Rates" >
							<key>
							
								
								<column name="FK_idUser_idClient"/>
					      	</key>
							<one-to-many class="AndayComeGenNHibernate.EN.AndayCome.RatesEN"/>
					    </bag>
					
			
		  			
						<bag name="Giveaway" table="[giveaway_client]" inverse="true" >
							<key>
								
									<column name="FK_idUser_idClient"/> 
							</key>
      						<many-to-many class="AndayComeGenNHibernate.EN.AndayCome.GiveawayEN">
									<column name="FK_idGiveaway_idGiveaway"/> 
      						</many-to-many>
    					</bag>
			
		  			
						<bag name="Comentarios" >
							<key>
							
								
								<column name="FK_idUser_idClient"/>
					      	</key>
							<one-to-many class="AndayComeGenNHibernate.EN.AndayCome.ComentariosEN"/>
					    </bag>
					
			
		  			
						<bag name="Restaurants" table="[restaurant_0_client]" inverse="true" >
							<key>
								
									<column name="FK_idUser_idClient"/> 
							</key>
      						<many-to-many class="AndayComeGenNHibernate.EN.AndayCome.RestaurantEN">
									<column name="FK_idRestaurant_idRestaurant_0"/> 
      						</many-to-many>
    					</bag>
			
		  			
						<bag name="Booking" >
							<key>
							
								
								<column name="FK_idUser_idClient"/>
					      	</key>
							<one-to-many class="AndayComeGenNHibernate.EN.AndayCome.BookingEN"/>
					    </bag>
					
					
					
					
					
					
					
					
					
					
					
		
 	  
		 </joined-subclass>
		  
		  <query name="ClientENReadAllHQL">from ClientEN</query>
		</hibernate-mapping>
	