<?xml version="1.0" encoding="utf-8" ?>
		<hibernate-mapping xmlns="urn:nhibernate-mapping-2.2"
		                   assembly="AndayComeGenNHibernate"
		                   namespace="AndayComeGenNHibernate.EN.AndayCome">
		    
		    
			
				<class name="ComentariosEN" table="Comentarios"> 
				  	
						<id name="Id" column="idComentarios" type="integer"> 
							<generator class="hilo"/>
						</id>
			
					
					<property name="Content" type="string"> 
						<column name="content"  not-null="true"/>
					</property>
					<property name="Date" type="date"> 
						<column name="date"  not-null="true"/>
					</property>
			
			
			
		  			
						<many-to-one name="Client" class="AndayComeGenNHibernate.EN.AndayCome.ClientEN" >	
								<column name="FK_idUser_idClient"/> 
						</many-to-one>
											 					
			
		  			
						<many-to-one name="Route" class="AndayComeGenNHibernate.EN.AndayCome.RouteEN" >	
								<column name="FK_idRoute_idRoute"/> 
						</many-to-one>
											 					
			
			
		  			
						<many-to-one name="Wall" class="AndayComeGenNHibernate.EN.AndayCome.WallEN" >	
								<column name="FK_idWall_idWall"/> 
						</many-to-one>
											 					
			
					
					
					
					
					
					
		
		 </class>	
		  
		  <query name="ComentariosENReadAllHQL">from ComentariosEN</query>
		</hibernate-mapping>
	