<?xml version="1.0" encoding="utf-8" ?>
		<hibernate-mapping xmlns="urn:nhibernate-mapping-2.2"
		                   assembly="AndayComeGenNHibernate"
		                   namespace="AndayComeGenNHibernate.EN.AndayCome">
		    
		    
			
				<class name="GiveawayEN" table="Giveaway"> 
				  	
						<id name="Id" column="idGiveaway" type="integer"> 
							<generator class="hilo"/>
						</id>
			
					
					<property name="Precio" type="integer"> 
						<column name="precio"  not-null="true"/>
					</property>
					<property name="Premium" type="boolean"> 
						<column name="premium"  not-null="true"/>
					</property>
					<property name="Premio" type="string"> 
						<column name="premio"  not-null="true"/>
					</property>
			
			
			
		  			
						<bag name="Client" table="[giveaway_client]"  >
							<key>
								
									<column name="FK_idGiveaway_idGiveaway"/> 
							</key>
      						<many-to-many class="AndayComeGenNHibernate.EN.AndayCome.ClientEN">
									<column name="FK_idUser_idClient"/> 
      						</many-to-many>
    					</bag>
			
			
			
					
					
					
					
					
		
		 </class>	
		  
		  <query name="GiveawayENReadAllHQL">from GiveawayEN</query>
		</hibernate-mapping>
	