<?xml version="1.0" encoding="utf-8" ?>
		<hibernate-mapping xmlns="urn:nhibernate-mapping-2.2"
		                   assembly="AndayComeGenNHibernate"
		                   namespace="AndayComeGenNHibernate.EN.AndayCome">
		    
		    
			
				<class name="PaymentEN" table="Payment"> 
				  	
						<id name="Id" column="idPayment" type="integer"> 
							<generator class="hilo"/>
						</id>
			
					
					<property name="Paypal" type="boolean"> 
						<column name="paypal"  not-null="true"/>
					</property>
					<property name="Date_sub" type="date"> 
						<column name="date_sub"  not-null="true"/>
					</property>
			
			
			
		  			
					
							<many-to-one name="Client" class="AndayComeGenNHibernate.EN.AndayCome.ClientEN" >
								<column name="FK_idUser_idClient"/> 
        					</many-to-one>
					 
						
			
			
					
					
					
					
		
		 </class>	
		  
		  <query name="PaymentENReadAllHQL">from PaymentEN</query>
		</hibernate-mapping>
	