<?xml version="1.0" encoding="utf-8" ?>
		<hibernate-mapping xmlns="urn:nhibernate-mapping-2.2"
		                   assembly="AndayComeGenNHibernate"
		                   namespace="AndayComeGenNHibernate.EN.AndayCome">
		    
		    
			
				<class name="RatesEN" table="Rates"> 
				  	
						<id name="Id" column="idRates" type="integer"> 
							<generator class="hilo"/>
						</id>
			
					
					<property name="Rate" type="integer"> 
						<column name="rate"  not-null="true"/>
					</property>
			
			
		  			
						<bag name="Route" table="[rates_route]"  >
							<key>
								
									<column name="FK_idRates_idRates"/> 
							</key>
      						<many-to-many class="AndayComeGenNHibernate.EN.AndayCome.RouteEN">
									<column name="FK_idRoute_idRoute"/> 
      						</many-to-many>
    					</bag>
			
		  			
						<bag name="Restaurants" table="[rates_restaurant]"  >
							<key>
								
									<column name="FK_idRates_idRates"/> 
							</key>
      						<many-to-many class="AndayComeGenNHibernate.EN.AndayCome.RestaurantEN">
									<column name="FK_idRestaurant_idRestaurant"/> 
      						</many-to-many>
    					</bag>
			
		  			
						<many-to-one name="Client" class="AndayComeGenNHibernate.EN.AndayCome.ClientEN" >	
								<column name="FK_email_idClient"/> 
						</many-to-one>
											 					
			
			
					
					
					
					
					
		
		 </class>	
		  
		  <query name="RatesENReadAllHQL">from RatesEN</query>
		</hibernate-mapping>
	