<?xml version="1.0" encoding="utf-8" ?>
		<hibernate-mapping xmlns="urn:nhibernate-mapping-2.2"
		                   assembly="AndayComeGenNHibernate"
		                   namespace="AndayComeGenNHibernate.EN.AndayCome">
		    
		    
			
				<class name="RouteEN" table="Route"> 
				  	
						<id name="Id" column="idRoute" type="integer"> 
							<generator class="hilo"/>
						</id>
			
					
					<property name="Start_date" type="date"> 
						<column name="start_date"  not-null="true"/>
					</property>
					<property name="End_date" type="date"> 
						<column name="end_date"  not-null="true"/>
					</property>
					<property name="Photo" type="string"> 
						<column name="photo"  not-null="true"/>
					</property>
					<property name="Description" type="string"> 
						<column name="description"  not-null="true"/>
					</property>
					<property name="Name" type="string"> 
						<column name="name"  not-null="true"/>
					</property>
			
			
			
		  			
						<many-to-one name="Creator" class="AndayComeGenNHibernate.EN.AndayCome.ClientEN" >	
								<column name="FK_email_idClient"/> 
						</many-to-one>
											 					
			
		  			
						<bag name="Clients" table="[route_0_client_0]"  >
							<key>
								
									<column name="FK_idRoute_idRoute_0"/> 
							</key>
      						<many-to-many class="AndayComeGenNHibernate.EN.AndayCome.ClientEN">
									<column name="FK_email_idClient_0"/> 
      						</many-to-many>
    					</bag>
			
		  			
						<bag name="Rates" table="[rates_route]" inverse="true" >
							<key>
								
									<column name="FK_idRoute_idRoute"/> 
							</key>
      						<many-to-many class="AndayComeGenNHibernate.EN.AndayCome.RatesEN">
									<column name="FK_idRates_idRates"/> 
      						</many-to-many>
    					</bag>
			
		  			
						<bag name="Booking" table="[route_booking]"  >
							<key>
								
									<column name="FK_idRoute_idRoute"/> 
							</key>
      						<many-to-many class="AndayComeGenNHibernate.EN.AndayCome.BookingEN">
									<column name="FK_idBooking_idBooking"/> 
      						</many-to-many>
    					</bag>
			
		  			
						<many-to-one name="Countries" class="AndayComeGenNHibernate.EN.AndayCome.CountryEN" >	
								<column name="FK_idCountry_idCountry"/> 
						</many-to-one>
											 					
			
		  			
						<bag name="Comentarios" >
							<key>
							
								
								<column name="FK_idRoute_idRoute"/>
					      	</key>
							<one-to-many class="AndayComeGenNHibernate.EN.AndayCome.ComentariosEN"/>
					    </bag>
					
			
		  			
						<bag name="Restaurants" table="[restaurant_route]" inverse="true" >
							<key>
								
									<column name="FK_idRoute_idRoute"/> 
							</key>
      						<many-to-many class="AndayComeGenNHibernate.EN.AndayCome.RestaurantEN">
									<column name="FK_idRestaurant_idRestaurant"/> 
      						</many-to-many>
    					</bag>
			
			
			
			
			
					
					
					
					
					
					
					
					
					
					
					
					
					
		
		 </class>	
		  
		  <query name="RouteENReadAllHQL">from RouteEN</query>
		  <query name="RouteENfilterByCityHQL"><![CDATA[ r FROM RouteEN as r WHERE r.Country.city = :p_city]]></query>
		</hibernate-mapping>
	