<?xml version="1.0" encoding="utf-8" ?>
		<hibernate-mapping xmlns="urn:nhibernate-mapping-2.2"
		                   assembly="AndayComeGenNHibernate"
		                   namespace="AndayComeGenNHibernate.EN.AndayCome">
		    
		    
			
				<class name="TagsEN" table="Tags"> 
						<id name="Name" column="name"/> 
			
					
			
			
			
		  			
						<bag name="Restaurant" table="[tags_restaurant]"  >
							<key>
								
									<column name="FK_name_idTags"/> 
							</key>
      						<many-to-many class="AndayComeGenNHibernate.EN.AndayCome.RestaurantEN">
									<column name="FK_idRestaurant_idRestaurant"/> 
      						</many-to-many>
    					</bag>
					
					
		
		 </class>	
		  
		  <query name="TagsENReadAllHQL">from TagsEN</query>
		</hibernate-mapping>
	