<?xml version="1.0" encoding="utf-8" ?>
		<hibernate-mapping xmlns="urn:nhibernate-mapping-2.2"
		                   assembly="AndayComeGenNHibernate"
		                   namespace="AndayComeGenNHibernate.EN.AndayCome">
		    
		    
			
				<class name="WallEN" table="Wall"> 
				  	
						<id name="Id" column="idWall" type="integer"> 
							<generator class="hilo"/>
						</id>
			
					
			
			
			
		  			
						<bag name="Comentarios" >
							<key>
							
								
								<column name="FK_idWall_idWall"/>
					      	</key>
							<one-to-many class="AndayComeGenNHibernate.EN.AndayCome.ComentariosEN"/>
					    </bag>
					
					
					
		
		 </class>	
		  
		  <query name="WallENReadAllHQL">from WallEN</query>
		</hibernate-mapping>
	