<?xml version="1.0" encoding="utf-8" ?>
		<hibernate-mapping xmlns="urn:nhibernate-mapping-2.2"
		                   assembly="AndayComeGenNHibernate"
		                   namespace="AndayComeGenNHibernate.EN.AndayCome">
		    
		    
			
				
<joined-subclass name="Restaurant_OwnerEN" extends="AndayComeGenNHibernate.EN.AndayCome.UserEN" table="Restaurant_Owner"> 
	<key>
    	
				<column name="email"/>
		
    	
   	</key>

			
					
			
			
		  			
						<bag name="Restaurants" >
							<key>
							
								
								<column name="FK_email_idRestaurant_Owner"/>
					      	</key>
							<one-to-many class="AndayComeGenNHibernate.EN.AndayCome.RestaurantEN"/>
					    </bag>
					
					
		
 	  
		 </joined-subclass>
		  
		  <query name="Restaurant_OwnerENReadAllHQL">from Restaurant_OwnerEN</query>
		</hibernate-mapping>
	